item,2017-01-01,2017-02-01,2017-03-01,2017-04-01,2017-05-01,2017-06-01,2017-07-01,2017-08-01,2017-09-01,2017-10-01,2017-11-01,2017-12-01,2018-01-01,2018-02-01,2018-03-01,2018-04-01,2018-05-01,2018-06-01,2018-07-01,2018-08-01,2018-09-01,2018-10-01,2018-11-01,2018-12-01,2019-01-01,2019-02-01,2019-03-01,2019-04-01,2019-05-01,2019-06-01,2019-07-01,2019-08-01,2019-09-01,2019-10-01,2019-11-01,2019-12-01,2020-01-01,2020-02-01,2020-03-01,2020-04-01,2020-05-01,2020-06-01,2020-07-01,2020-08-01,2020-09-01,2020-10-01,2020-11-01,2020-12-01,2021-01-01,2021-02-01,2021-03-01,2021-04-01,2021-05-01,2021-06-01,2021-07-01,2021-08-01,2021-09-01,2021-10-01
Рис,97,"97,9","101,1","104,1","105,7","108,5","112,3",115,"115,4",116,"116,3","115,8","115,8","115,1",115,"114,3","112,1","109,3","107,6","105,9","105,5","104,8","104,3","102,6","102,3","101,8","100,5","98,9","98,5","98,4","98,1","98,2","97,4","96,2","96,5","96,2",96,97,"99,3","102,7","105,5","104,8","103,4","104,4","103,8","102,3","102,5","105,2","106,5","107,6","108,6","108,4","107,9","109,8",111,"109,5",110,"112,5"
Хліб пшеничний з борошна вищого ґатунку,"106,8","109,1","111,2","111,9","112,4","112,7","114,4","116,2","116,4","117,4","119,1","120,2","121,5","119,4","118,5","119,1","118,7",118,"117,8","116,6","119,6",121,"121,3","119,7","118,7","118,8","118,2","118,1","118,8","119,6","119,4","119,5","115,5","112,2","109,7","108,9","108,2","107,3","106,5","105,6","104,4","104,5","104,2","103,8","104,3","106,1","107,9","108,4","109,7","111,5","114,8","115,7","116,8","115,1","114,9","115,9","116,8","116,6"
Хліб пшеничний з борошна першого ґатунку,"108,7","111,6","113,8","114,2","114,3","115,1","115,9","117,3","118,4","121,5","122,2",120,"119,3","116,9","116,1","117,1","117,3","116,9","117,3","117,6","119,3","119,8","122,4","122,5","122,1","122,1","121,6","120,9","121,9","122,8","121,8","120,6","117,5","115,1","111,1","109,6","109,1","108,1",107,"106,2","104,8","104,1","103,9","103,8","103,8",105,"106,3","108,2","108,4",111,"114,4","115,2","115,7","115,4","115,6","115,4","116,7","118,3"
"Хліб житній, житньо-пшеничний",109,"112,5","114,4","115,3","115,9","116,3","117,1","118,1","119,1","119,4","120,4","120,4","119,8","116,9","116,9","117,1",117,"116,9","117,4","117,9","119,4","120,1","120,8","120,8","120,5","120,6","119,5","118,9","120,4","121,7","121,5","120,8","118,4","116,2","113,4",112,"111,4","110,1","109,6","109,5","107,7","106,2",105,"103,8","103,4","104,7","106,4","107,3","108,5","111,2","113,4","113,9","114,4","114,3","114,1","114,9","115,8","117,2"
Хліб заварний,"109,3","111,1","113,3","114,8",115,"115,8","116,5","117,4","118,1","118,8","119,8","119,3","119,9","119,2","118,5","118,6","118,6","118,5","119,1","118,4","120,6","120,6","122,5","122,5","122,2","122,1","120,8","119,8","120,7","121,4","120,3","120,7",118,"116,1","113,3","111,9","110,3",109,"108,6","107,5","106,8","105,6","105,4","104,8",104,"104,5","105,1","106,4","106,8","108,1","110,3","111,9","111,8","111,6","111,4","111,9","113,1","114,8"
Батон ,"107,3","110,9","112,9","114,3","115,7","115,9","116,2","118,5","120,1","120,3","121,1","121,1","120,6","119,1","117,9","118,4","117,5","117,8","117,9","116,7","118,8","121,1","122,7","122,8","122,6","120,8","120,7","119,5","120,8","121,6","121,4","121,3",117,"113,2","110,5","108,9","108,2","107,6","106,9","107,1","105,6",104,"104,1","103,3","104,2","105,4","107,3","108,5","109,2","112,4","115,4","116,7","117,6","118,1",118,"118,1","118,2","119,8"
Багет ,"105,9",108,"108,7","109,5","111,3","112,6","114,9","115,7","116,5","115,8","115,5","116,7","120,5","119,2","117,2","118,1","118,2","118,8",118,"114,4","116,4","119,7","120,2","120,4","118,7","118,5","120,5","118,6","117,1","116,7","117,3","119,6","116,7","114,4","111,5","108,3","107,1","107,6","106,6","106,7","107,4",108,"106,4","105,9","105,4","106,6","109,7","112,1","113,2","115,7","117,7",119,119,"117,8","118,5","119,5","120,1","119,9"
Макаронні вироби з твердих сортів пшениці,"100,9","101,8","101,8",101,102,"102,6","103,2","103,9","103,1","103,6","102,9","104,6","104,5",105,"105,8","104,7","105,7","104,7","104,2","103,8","103,6","103,7","105,3","104,3","104,1","103,6","101,6","102,7","101,8","102,2",103,"103,8","103,6",103,"102,7","100,2","99,9","98,9","101,6","104,6","103,1","104,1",102,"100,2",101,"102,3","102,4","103,1","105,1","107,2",105,"101,9","104,3","104,7","105,4","105,3","105,4",105
Макаронні вироби з м’яких сортів пшениці,"101,6","102,3",103,"103,5","104,8","104,7","105,2","105,2","106,5","106,5","106,6","107,4","108,4","108,2","108,2","108,8","108,8","109,6","109,8","109,9","113,2",116,"117,7","118,9",118,"118,4","118,4","118,2",118,"117,6","116,9","116,4","111,8","108,2","105,5","102,9","101,8","100,9","101,3","102,5","102,8","103,5","103,6",103,"103,3","104,1",107,110,"111,3","113,1","113,7","113,1","113,5","112,6","112,3","112,7",113,"113,4"
Пельмені  ,"107,3","108,1","108,9","109,1","109,5","110,7","111,9","111,7","112,3","113,6","115,5","116,7","116,7","118,4","117,4","116,3","116,5","117,2","116,4","116,5","116,5","115,4","113,7","113,2","113,1","110,9","111,3","111,2","110,3","109,3","109,8","109,3","108,6","109,1","109,4","106,8","106,8","105,6","105,6","105,8","105,9","104,4","103,3",103,"102,6","103,6","102,7","103,6","103,3","104,5","102,7","102,6",104,"106,2","106,7",107,"107,7","107,1"
Здобні вироби,"109,1","109,8","110,8","111,2","111,1","111,7","112,4",114,"114,1","114,9","115,9","116,3","117,3","118,1","117,8","118,2","118,5",118,"118,8","117,6","118,2","117,8","118,4","117,8","116,2","115,4",115,"114,6","114,8","115,6","114,3","113,9","112,8","112,6","109,8","108,7","108,8","107,3","107,2","106,7","105,8","104,9","105,3","105,2","104,4","103,8","105,2","106,7","107,7","110,8","111,5","111,7","112,8","112,9",113,"113,4","114,7","116,2"
Вафлі,"106,7","107,7","108,3","108,4","108,5","108,6","109,5","108,4","108,8","108,5","108,6","108,7",109,108,"107,7","106,6","106,3","107,1",106,"105,6","105,1","106,8","106,6","106,5","106,9","105,6","105,6","106,7","106,8","106,9","106,3","107,1","107,5","105,7","105,1","103,6","102,6","104,1","103,4","101,7","102,9","101,7","103,2","103,4","102,3","102,4","104,7","106,5","107,1","109,6","111,6","115,2","116,2","117,7","118,8","119,4","121,3",122
Печиво здобне,"105,3","104,9","105,9","106,6","107,2","107,7","108,4","108,2","108,9","109,3","109,2","109,6","110,2","110,9","109,8","108,5","108,3","108,3","107,2","107,7","107,7","108,4","109,5","108,9","109,5","108,7","109,2","109,5",109,109,"109,6","109,7","109,1","107,9","106,1","105,6","104,8","104,6","104,5","103,8","103,7","102,9","103,6","102,9","102,6","102,2","104,4","103,9","104,4",106,"107,5","110,2","111,7","113,5",114,116,"117,2","119,8"
Печиво сухе,"105,4","105,3","105,7","106,3","107,4","107,4","108,2","108,5","109,7","109,3","109,4","109,3","109,9","111,2","111,2","110,6","109,1","108,9","109,6","109,6","108,6","109,7","110,5","111,1","111,7","110,2","110,3","110,8","111,1","111,9","110,8",111,"110,8",110,"108,4","107,3","105,9","105,4","104,6","103,4","103,1","103,3","103,1","103,2","102,8","102,9","104,4","105,1","106,2","107,3","110,3","112,6","113,9","114,9","115,7","116,8","118,2","120,5"
Торти,"109,5","109,7",110,"110,8",111,"110,9",111,"111,3","112,3","113,5","113,8","114,8","115,6","115,1","115,3","115,9","115,6","117,1","116,9",117,"116,9","116,4","115,5","114,5","113,7","113,6","113,2","112,7","112,3","110,9","110,6","110,1","109,5","108,8","107,9","106,7","106,3","106,4","106,5","105,2","105,1",105,"105,4","105,2","104,9","104,6","105,5","106,5","106,8","108,2",109,112,"112,3","113,2",112,113,"112,4","114,3"
Борошно пшеничне,"101,5","103,2","106,3","107,7","108,8","108,8","109,7","109,5","111,3","110,8","110,9","111,5","111,6","110,5","108,9","107,9","108,1","109,1","109,1","111,9","116,9","120,6","120,5",120,"120,1","120,4","120,5","120,6","120,6","119,5","118,8","115,7","109,1","103,6","100,7","99,3","98,7","98,4","98,7","100,3","100,5","100,5","99,7","99,5","99,3","102,9","110,9","114,8","116,9","120,8","121,9","122,2","120,1","119,6","119,8","121,3","123,1","121,8"
Крупи манні,"111,2","113,3",114,"114,9","114,6","115,5","116,4","117,7","117,9","116,9","112,8","111,1","109,8","107,2","107,4","107,3","108,8","108,4","108,3","109,6","113,9","116,6","116,9","117,1","117,1","117,9","117,6","119,7",119,"117,1","115,8","112,2","106,3","101,8","99,8","98,3",97,"95,6","97,4",97,"97,7","102,2","102,6","102,6","103,4","106,2",111,"116,9","119,7","124,3","125,6","125,1","122,4","116,3","117,3","118,4","118,6","118,6"
Крупи гречані,"116,4",113,"106,1","95,3","88,2",79,"73,6","76,8","83,2","81,8","75,9","71,2","68,4","65,1","62,6","60,1","57,6","59,6","64,4",65,"66,1","68,8","72,4","75,3","77,9","82,1","85,2","90,3","96,4","97,4","93,6","97,2","119,1","155,6","162,6","168,2","169,9","167,6","176,1","208,4","217,7","217,5","219,5","211,2","173,3","136,5","134,3","132,5","130,4","132,2","130,7","113,4","110,6","111,6","111,5","112,1","113,6","115,8"
Пластівці вівсяні,"107,7","108,1","108,3","107,3","108,3","108,8","109,4","110,2","110,9","112,1","112,9","113,8","114,4","114,4","113,7","114,2","114,1","113,6","113,7","112,7","112,9","114,7","115,1",116,"116,5","117,3","117,7","116,9",116,"116,7","116,6","116,5","115,3","112,4","111,2","109,4","108,1","105,5","106,7","107,2","108,2","107,8","107,7","106,9","107,5","107,2","107,4","106,5","106,9",107,"105,9","104,7","103,9","103,6","103,3","103,4","102,3","102,6"
Крупи ячні ,"102,1","104,1","105,5","106,1","108,3","108,3","109,3","110,3","110,2","112,6","117,9","122,5",125,"122,7","121,9","123,2","122,1","123,2","122,9","124,3","127,5","128,8","125,7","123,8","122,2","125,3","125,9",124,"122,1","119,5","116,7",114,"109,7","104,4","100,9","97,2","95,2","92,1",91,"91,5","92,9","94,1","95,7","95,8","98,2","102,2","108,8","116,2",120,126,"128,7","131,2","131,4",130,131,"129,2","126,9",125
Пшоно,"87,8",89,"91,1","92,4","93,3","94,3","96,3","102,8","112,2","129,1","150,3","169,4","178,7",182,"180,4","184,6","189,4","194,5","200,5","203,6","202,8","189,7","166,3","154,9","149,9","152,6","160,5","178,2","186,7","188,7","182,5","170,7","147,3","124,6","115,2","102,7","97,2","89,2","83,4","72,7","66,9","62,6","60,5","60,5","62,7","66,6","68,9","74,8","77,9","82,4","85,3","85,9","85,8","85,8","88,2","87,9","93,1","98,7"
Яловичина,"104,3","110,1","113,8","115,4","117,9","122,4","125,2","126,7","129,2","130,8","130,9","131,5","130,4","127,9",127,"127,3","124,9","120,8",118,"116,9","114,3",113,113,"111,5","109,4",106,"103,8","102,3","102,7","102,6","103,2","103,5","103,4","103,6","103,2","103,3","103,7","105,7","107,4","109,1","109,4","110,2","109,2","108,7","108,3","107,4","108,2","107,8","108,4","110,1","111,2","110,1","110,4","110,1","111,3","112,9","117,2","119,5"
Вирізка яловича,"106,3","110,5","113,1","114,3","115,9","119,5","123,3","125,3","127,8",129,"129,9","129,9","130,3","127,7","126,5",126,"124,7","121,3","117,8","116,3","113,9","112,4","111,2","109,9","107,8","105,9","104,3",104,"103,9","103,8","103,8","103,3",103,104,104,"104,4","104,2","105,3",107,"108,2","107,5",107,"107,3","107,7","107,1","105,6",106,"105,6","105,9",107,"107,7","106,9","107,8",109,"109,5","110,3","114,3","117,7"
Натуральні напівфабрикати з яловичини,"104,4","109,9",114,"116,1","117,4","119,8","122,1","124,2","126,7","128,3","129,5","131,5","130,3","127,7","125,2","124,6","123,8","121,2","118,1",117,"114,8","113,5","112,5","110,1","109,3",106,"104,4","102,9","102,9","103,4","103,8","103,6",103,103,"102,8","103,3","103,7","104,8","106,6","108,6","108,3","108,4","108,7","109,6","110,2","109,7",110,"109,5","109,1","110,3","111,5","110,9","111,6",113,"114,2","114,7",118,"120,7"
Свинина,"103,3",111,"113,7","115,9","121,7","134,3","140,2","141,2","142,2","143,5","142,4","140,8","140,6","133,3","134,3","135,2","125,7","114,4","107,6","106,1","104,5","105,5","105,7","104,8","104,3","103,6","100,7","99,3","102,3","102,7","103,3","104,8","102,8","102,2","101,8","102,1","102,1","103,3","105,4","105,9","101,7","100,9","99,7","99,2","98,1","98,4","99,5","98,2","96,6","98,5","99,6","95,9","99,2","99,8","100,8","100,8",103,"103,2"
Вирізка свиняча,"104,4","111,5","113,9","116,4","121,6",134,"141,5",143,"145,6","146,7","146,7","145,8","146,7","140,1","139,4","138,9","130,8","119,2","110,8","109,5","105,8",107,"106,6","105,4","104,3","102,5","101,9","101,2","102,8","102,7","103,8","104,4","103,5",102,"102,7","102,4","102,3","104,4","105,4","105,5","101,9","101,7","99,8","99,4","98,5","99,2",99,99,"97,6","99,1","100,4","97,4","100,1","100,7","101,6","101,8","103,4","104,8"
Натуральні напівфабрикати зі свинини,"104,6","111,8","114,3","116,6","121,6","131,8","137,9","137,9","140,6","142,3","143,4","140,9",141,"135,1",135,"135,9","126,7",120,"111,6","110,9","106,2","107,3","106,9","106,6",106,"103,5","102,8","100,8","104,3","102,7","103,4","105,2","104,2","103,1","102,8","103,3","102,9","104,7","105,5","105,8","101,7","101,9","100,1",99,"99,4","99,6","100,1","99,2","99,6","99,5","100,7","98,6","101,1","101,4","103,2","103,5","103,5","103,7"
Птиця (тушки курячі),"106,9","110,3","111,3","113,4","112,3","114,4","124,9","134,4","133,9","130,9","129,2","128,4","130,1","125,7","125,8","125,8","123,4","120,9","110,4","103,4","105,8","106,4","108,1","107,4","106,7","107,9","107,5","105,5","107,8","109,3","111,9","111,3","105,9","105,5","103,9","102,3","100,5","95,9",94,"90,5","84,7","85,1","84,2",85,"85,9","88,6","91,3","94,8","97,6","108,1","115,2","123,6","133,7","132,9","133,2",132,"132,9","131,2"
Окремі порційні частини курячі,"103,1","103,4","106,7","108,9","108,4","113,3","120,9","128,6","131,9","131,2","129,4","127,8","129,4","127,8","125,5","124,9","123,5","117,1","109,2","103,8","103,4","102,3","104,4",106,104,"104,1","104,2",102,104,"105,5","106,6","107,8","105,5","105,5","102,5","100,2","100,6","98,7","97,4","98,8",94,"94,2","95,2","94,4","94,4","96,6","99,9","103,7","104,6","111,9",120,"122,6","130,4",129,"128,6",128,"129,9","129,4"
Філе куряче,"112,2","115,9","118,4","120,7","119,2","122,7","130,7","135,5","133,9","127,6","125,8","126,2","126,4",123,"121,8","121,8","118,1",115,"108,3","107,9","112,9",113,"114,8","116,3","114,5","115,4","115,5","114,7","119,6","119,5","119,4","114,6","105,1","103,1","100,2",97,"96,5","91,9","89,1","84,6","75,6","77,9","78,7","80,8","81,7","84,5","88,1","91,3",93,"102,1","110,6","117,1",131,"127,8","127,3","125,5","128,3","128,2"
Ковбаси варені вищого ґатунку,"106,4","107,9","110,3","112,9","113,6","115,9","117,5","120,1","121,8",121,"121,9","122,8","123,5","122,6","121,4","121,3","119,9","118,4","116,6","114,8","113,4","114,1","113,9","112,3","111,8","111,3","110,4","108,9","109,6","109,7","109,2","109,5","109,5",107,"105,3","105,3","105,2","104,8","105,2","105,7","105,6","105,6","105,8",105,"104,8",105,"106,1","106,6","107,2","107,5","107,4","105,9","107,5","107,4","107,7","107,5","107,9","109,5"
Ковбаси варені першого ґатунку,"106,9","109,1","111,9","112,5",112,"115,1","118,7","119,4","121,2","121,8","122,4","123,6",124,"123,5","122,9","122,3","123,4","119,9","116,8","115,4",114,"112,4",112,"111,7","111,8","110,8",109,"109,3",108,110,"109,7","109,9","109,9",109,"107,6","107,8","105,2","106,9","106,3","105,3",106,"104,8","103,3","102,3","102,7",104,"105,5","104,2","105,9","105,3","105,9","106,3","108,7","108,7","111,7","112,3","110,4","111,3"
"Сосиски, сардельки вищого ґатунку",107,"108,5","110,8","111,5",113,"114,9",117,"119,9","120,4","120,8","121,8","122,5","122,4","122,3","121,2",122,"120,4","118,6","115,6","113,3","113,4","113,4","112,9",112,"111,3","109,8","109,4","108,5","110,1","110,6","111,4","111,5","110,1","108,1","107,4","106,5","106,5",107,"106,5","106,7","105,2","103,4","103,2","103,5","103,1",104,"103,9","104,6","104,5","103,9","103,8","104,5","105,6","107,2","107,4","108,1",108,"107,5"
"Сосиски, сардельки першого ґатунку",107,"107,6","110,8",112,"111,6","113,6",116,"117,8","119,9","121,8","121,8","121,6","120,3","121,2","119,9","119,9","119,9","117,5",116,"115,1","113,6","111,3","111,7","112,1","112,7","111,1",111,"109,1","109,7","110,7","110,6","109,9","109,9","109,2","107,3","106,8","106,5","106,6","105,4","107,1","106,7",105,"105,2","105,3","104,9","104,9","105,1","105,8","105,8","105,9","107,4","106,2","107,2","108,3","108,7","108,7","108,7","108,8"
Ковбаси варено-копчені,"106,3","108,1","109,8","111,9","112,9","114,8","117,5","119,6","120,5","122,1","122,7","124,2","124,6",123,"122,5","121,1","120,9","118,6","115,7","114,2",113,"112,2","111,9","111,1","110,8",110,"108,8","108,4","108,9","109,8","110,3","109,4","109,9","107,5","107,1","106,5","106,4","106,9","107,1","107,4","107,1","107,5","106,9","107,3","105,9",107,"106,7","106,7","107,2","107,3","107,1","107,5","107,3","106,9","106,5","107,1","108,4","108,4"
Ковбаси сирокопчені ,"107,6","108,3","110,4",112,"114,2","116,2",119,"121,1","122,3",123,"123,3","123,7","124,2","126,1","124,2","123,2","121,1","120,7","117,8","115,8","114,7","114,1","114,5","114,7","113,8","111,7","110,7","109,6","111,2","110,2","109,7","109,7","108,7","107,7","105,8","104,8","104,9","104,1","104,3","105,1","104,7","104,3","104,9","104,8","105,3","105,1","105,4","106,1","106,2","106,3","107,5","107,6","106,9","108,4",108,"108,1","108,4","108,8"
Вироби з м’яса варено-копчені ,"106,7","107,4","110,9","111,3","112,9","116,9","120,4","123,1","124,6","125,6",127,129,"130,3","129,8","127,6","127,5","126,6","122,5","119,2","117,2","115,8","114,2","113,9","113,3","112,2","111,1","111,6","110,2","109,9","111,1",111,"110,7","109,1","108,6","106,3","105,6","104,8","105,9","104,6","105,3","105,7","105,4","105,4","105,6","105,6","104,8","106,3","105,7","105,3","105,4","106,4","106,3","107,1","105,8","106,2","106,5","106,9","108,8"
Вироби з м’яса делікатесні,"105,1","106,9","109,8",110,"112,9","116,4","120,1","122,6",125,"127,1","127,9","129,8","130,8","130,4","129,5","128,5","127,3","123,4","120,1","117,6","116,2","114,8","114,1","113,3","111,8","110,9","110,2","110,6","110,1","109,9","109,8","109,1","108,2","107,2","105,8","106,2","105,8","106,6","106,6","106,9","105,7","106,5","105,9","106,3","106,5",107,"107,1","106,8","105,8","105,8","105,3","105,5","106,5","106,6","106,2","105,9",106,106
Субпродукти яловичі,"98,3","100,7","101,7","103,6","103,8","105,8","106,7","108,2","109,8","110,1","109,6","112,3",114,"112,3","112,7","112,3","112,3","110,5",110,"108,9","107,1",107,"105,6","101,6","101,4","100,5","100,1","98,8","98,8","99,5","99,1","99,8","99,7","99,3","101,3","101,6","99,5","99,9","99,9","102,1","101,7","101,4","102,1","100,6","100,4","100,2","100,1",101,"103,2","104,4","107,7","111,2","115,8","118,1","118,9","119,7","120,2","122,4"
Субпродукти свинячі,"104,3","107,2","107,2","107,7","108,2","108,4","109,8","110,9","111,7","110,1","111,1","111,9","113,3","112,4","111,7","111,4","111,7","110,4","108,3","105,9","104,7",105,"105,4","103,6","101,5","100,4","99,4","100,7","100,9","101,9","102,4","103,2","102,8","102,4","100,2","100,1",100,"100,2","100,5","99,3","99,7","99,3","98,5","98,9","98,5","98,2","100,3",101,"101,1","102,7",107,"109,9","112,2",116,"117,3","118,3",120,"121,1"
Субпродукти курячі,"105,3","107,1","110,2","111,4","111,3","111,7","113,8","115,6","115,6","114,3","115,8","116,4",118,"115,8","113,8",116,"115,9","114,3","112,2","110,4","108,8",109,108,"108,3","108,1","107,6","106,6","103,5","102,4","102,4",103,"103,1",103,"101,6","101,2","100,2","98,9","99,4","99,6","99,7","99,9","100,2",100,"99,9","99,6","101,1","101,6","102,2","103,3","105,9","110,2","112,9","116,5","118,4","119,7","119,8","121,1","120,9"
Фарш м’ясний,"104,5","111,1","114,5","115,3","118,7","124,1","127,7","129,2","130,6","131,3","132,5","132,1","131,9","126,7","125,7","128,2","123,3","118,2","113,9","112,7","110,6","110,7","109,1",108,107,"105,3","104,4","102,5","104,8","104,6","104,7","106,1","104,9","103,4","103,3","103,8","103,2","104,4","104,9","105,5","103,6","104,4","103,5","102,6",102,"102,8","103,8","103,6","103,7","104,9",106,"105,1","106,7","106,7","108,5","108,6","110,8","112,1"
Фарш курячий,"107,8",109,"110,7","112,7","113,9","116,4","122,1","126,7",128,"126,3","125,3","125,7","124,7","124,7","124,4","123,6","121,1","117,5","111,9","109,4","110,2","110,5","111,4","112,1","112,4","111,2","110,9","110,7","112,5","115,1",116,"114,2","110,9","108,9","107,7","106,2","103,4","102,4","100,1","99,2",95,"92,3","91,5","92,4","92,1",92,92,"93,3","94,7","98,3","103,3","106,3","113,2","115,4","117,4","117,6","117,9","119,5"
Вироби з м’яса кулінарні,"104,6","104,3","105,3","105,8","106,1",106,"107,8","109,8","111,3","113,4","113,9",114,"115,1","115,5","114,5","114,9","114,9","115,6","114,3","112,5","111,8","110,7","111,2","111,8","111,7","110,7",111,"110,3",111,"111,4",111,"111,7","111,1",110,"109,9","108,5","107,1","107,1","106,1","105,5","103,6","102,7","103,1",102,"102,2","102,5","101,8","102,2","102,8",104,"103,3","104,8","107,1","107,6",108,"109,3",110,"110,5"
"Риба жива, охолоджена ","104,5","105,4","103,6",103,"101,2","100,4","99,4","100,6","101,1","103,5","105,2","103,5","103,2","104,2","107,6","109,4","109,5",108,"108,3","107,2","110,3","111,4","112,2",113,"111,6","108,6","105,9","104,6","105,2","107,2","107,9","107,8","110,7",108,"107,9","107,3","106,5","105,9","106,9",107,"105,3","103,4",103,"103,9","100,9",103,"104,1",106,"106,3","108,5",109,"109,6","111,1","112,7","111,7","111,5","111,4","111,2"
Риба морожена,"101,7","101,3",100,"100,4","101,4","100,6",101,"99,7","98,7","99,4","100,2","100,2","100,7",102,103,"103,1","103,1","104,7",106,"107,1","108,6","109,4","111,1","111,4",111,"110,9",111,111,"110,7","110,9","110,7","111,1","111,1","109,6","106,6","105,1","103,8","102,2","100,9","101,1","101,6","101,5","101,1","100,6","100,7","100,3","101,7","102,6","102,8","104,1","103,8","102,4","101,9","102,4","102,2","102,9","102,6","103,4"
Філе мороженої риби,"99,1",99,"98,3","98,5","99,5","100,5","101,7","103,9","102,7","102,8","102,4",103,"103,4","104,8","105,2","106,7","107,5","107,9","107,2","108,2","109,9","109,6","109,9","110,9","110,9","110,7","111,2","110,1","108,8","108,2","108,3","107,8",107,"106,3","106,1","104,2","102,3","100,5","99,5",101,"101,7","101,8","101,2","101,2","99,7","100,6","99,9","100,8","102,9","105,4","106,6","104,8",104,"103,9","103,4","104,5","106,1","108,5"
Морепродукти ,"104,2","102,8",104,"104,3","105,3","106,7",107,108,"108,7","109,4","109,4","110,8","111,3","110,8","109,7",109,"108,7","106,9",106,"105,9","105,9","105,9","106,5","106,3","104,7","105,3","104,5","104,6","103,7","104,9","105,9","105,2","105,8","105,6","103,8","101,8","101,6","100,9","100,7","101,3","102,7","102,9","101,6","102,1","101,5","101,5","100,1","99,4","101,5","101,4","103,2","102,5","102,8","101,3","100,9","102,1","101,2","101,2"
Кілька солона ,"96,9","98,7","98,9","98,4","97,7","99,3","99,7","99,5","99,2","99,6","100,3","100,8","101,4","102,9","104,9","106,1","107,5","107,7","108,5","109,5","110,9","111,9","111,1","110,1","109,3","107,6","105,6","105,5","106,6","105,9","105,2",106,"106,4","104,8",105,"104,3","104,5","104,8",106,"106,3","107,3","108,8","109,7","109,7","108,7","109,2",110,"112,7","113,5","113,1",113,"112,1","111,5","111,1","110,9","109,6","109,5","109,1"
Скумбрія копчена,"101,3","102,4","103,4","104,1","104,6","105,1","105,3","106,4","105,6","106,1","103,8","103,8","104,5","105,7","107,7",108,"109,8","110,1","111,3","111,4","114,8","116,6","119,5",120,"120,1","118,8","117,3","118,1",117,116,"115,4","114,9","113,1","111,2","108,3","106,7","104,2","102,9",103,"102,7","104,2","103,6","103,5","103,4","103,2","102,3","103,6","104,1",105,106,"106,6","106,9","104,9","106,2","106,4","107,1","107,2","109,9"
Оселедці,"104,1","104,1",104,"103,8","103,6","102,7","101,6","100,3","99,5","98,6","97,3","94,6","93,1","94,5","95,7","95,1","94,8","96,8","98,6","97,5","98,5","99,7","101,7","105,1","105,7","104,1","101,2","102,7","102,5","102,5","101,9","104,2","104,4","102,4","99,8","97,9","96,5","96,5","97,4","98,3","100,8","100,3","100,5",100,"99,3","99,5","100,8","101,9","104,4","107,2","111,3","114,2","113,9","116,4","119,1",118,"120,7","121,4"
Консерви рибні в олії,"100,4","100,6","101,4",102,"102,5","103,4","103,9","104,1","105,4","104,5","105,4","105,4","105,6","108,2","108,9","108,9","108,7",107,"106,7","107,3","107,2","108,3",108,"107,6","108,5","107,5",107,107,"108,3","109,7","110,1","109,5","109,4","108,4","107,1","106,8","106,9",105,"105,1","105,5","106,1","106,6","105,8",106,"106,1","106,7","108,4","107,3","107,1","107,3","106,1",105,"105,7","105,2","107,3","106,5","105,2","105,6"
Крабові палички,"112,7","113,8","112,9","111,7","108,2","107,8","107,2","104,9","105,1","104,8",105,"104,5","104,3","105,3",105,"105,3","106,3",105,"109,1","109,4","108,2","109,1","108,5","108,8","108,1","106,7","107,1","107,6","109,2","112,2","111,1","112,4","113,9",113,"113,6","113,6","113,1",110,"109,9","109,3",108,"107,3","105,2","103,6","102,2","103,5","102,6","102,8","106,4","109,2","109,3","109,3","110,3","107,9","108,9","109,5","109,7","108,1"
"Молоко пастеризоване жирністю до 2,6% включно","124,3","126,9","128,1","128,4","128,9","129,6","129,7","131,1","130,1","130,1",128,"123,6","122,2","117,7",116,"114,6","115,2","115,2",114,"113,2","113,1","111,4",111,"109,8","109,4","110,9","110,2",111,"110,3","110,2","111,1","111,6","110,5","110,1","108,4","107,1","106,1","105,3","105,2","104,6","104,9","104,8","104,5","103,3",103,"102,1","102,3","103,1",103,"104,5","104,8","104,8",106,"106,4","106,7","107,5","109,6","110,2"
Молоко з підвищеним вмістом жиру ,"123,9","125,5","125,3","126,1","126,3","126,4","126,8","128,9","128,7","128,6","125,5","123,7","120,7","119,2",119,"118,5","117,4","116,5","115,2",113,"112,4","110,3","109,8","108,9","109,2","108,9","108,9","110,1","111,4","112,6","113,5","114,1","113,5","111,9","109,4",108,107,"106,1","106,3","106,7","109,1","109,2","108,6","107,6",106,"105,3","104,9","104,1","103,9","104,4","105,8","105,3","105,7","106,3","106,8","107,5","108,5","109,5"
Кефір,"122,4","123,3",124,"124,5","123,9","124,9","125,8","125,6","125,4",124,"123,6","120,5",118,"116,5","115,1","114,1","112,8","112,6","112,5","112,3","111,1","111,8","110,4",110,"110,2","109,1","109,2","108,6","109,6","109,8","110,1","109,2","111,4","109,4","108,4",107,"106,7","106,3","105,4","106,1","105,3",106,"105,6","105,1","102,4","103,1","103,6","104,4","103,8","103,2","104,7","104,5","105,3","105,1","105,9","107,6","109,1","109,1"
Йогурт,"119,6","121,4",120,"119,3",120,"119,3","120,2","120,7","122,4","120,3","118,8","118,1","114,5","114,1","113,1","113,9","114,6",116,"113,9","113,7",112,"112,5","110,7","109,3",110,"107,7","106,7","107,4","106,2","105,7","107,4",107,"106,4","105,9","105,3","102,2","104,5","103,8","104,2","104,5","104,3","104,6","104,4","103,3","101,8","101,1","101,5","104,8","102,5","102,7","104,4","103,3","104,7","105,2","105,4","106,1","108,8","110,5"
Сири тверді типу Едам,"122,8","123,8","125,5","124,9",125,"125,1","124,5","124,6","124,8","124,8","123,3","119,8","118,1","116,1","114,4","114,3","113,7","114,4","114,2","113,8","112,8","111,5",111,110,"110,2","109,7","108,7",108,"108,2","108,9","108,2","107,4","107,9","108,8","108,1","107,9","106,9","106,1","106,2","105,5","106,6","105,3","106,3","107,2","106,7","104,9","103,8","103,5",105,"105,9","105,7","107,1","106,9","108,8","108,1","107,5","107,5","109,6"
Сири тверді типу Емменталь,"114,4","116,3","116,6","115,6","115,3","116,3","116,6","117,5","116,7","117,5","116,2","114,6","115,1","114,2","113,8","115,1","113,3","113,7","112,8","111,3","111,9","110,1","109,1","107,9","107,1","106,3","105,8","103,7",105,"103,9",105,"104,8","104,7","105,1","103,6","103,5","102,4","102,3","101,1","102,1","103,3","102,8","103,1","105,1","103,9",103,"104,5","104,3","105,5","106,6","105,8","106,4","106,4","107,4","105,1","103,1","105,5",107
Сири розсольні,"117,9","118,6","119,1","119,7","119,6","121,1","120,9","121,2","122,4","123,5","122,8","119,6","118,2","116,3","115,7",115,"114,8","113,8","112,7","112,2",111,"110,6","109,5","109,5","108,3","108,2","107,6","107,8","107,6","107,8","108,4","109,2","110,2","109,8","108,3","107,6","107,6",107,"106,1","105,8","106,1","106,7","106,2",106,"104,2","103,5","104,2","103,6","103,4","104,9","105,5","106,2","106,1","106,3","106,9","106,2","108,5",108
Сири плавлені,"115,9","116,5","117,9","118,4","118,6","118,7","119,2","119,7","120,8","122,1","120,8","117,3","118,1","116,6","115,2","115,4","114,3","114,3","113,1","111,5","109,2","108,4","108,4","108,2","107,9","106,9",107,"105,6","105,9","106,4","106,4","107,4","108,7","107,7","107,1","105,3","104,8","104,6","103,3","104,4","104,1","104,3","104,6","104,6","103,2","102,9","101,2","100,9","101,6","102,9","103,4","104,2","103,3","102,8","102,6","101,9","105,2","105,4"
Сири м’які нежирні ,122,123,"123,2","122,4","123,2","122,4","121,2","122,1","121,8","122,6","121,5","118,5","117,2","115,9","114,2",113,"113,3","112,2","113,4","111,9","112,2","112,2","111,4",111,"111,1","110,5","111,3",112,"109,8","112,1","111,5","112,2","111,9","110,2",110,"109,6",109,"107,3","105,3",105,"106,1","105,1","104,8","105,3","103,8","104,1","103,2","102,9",103,"103,8","106,1","105,8","106,4","105,8","106,2","106,9","108,6","108,3"
Сири м’які жирні,"119,1","119,8","121,5","121,4","121,9",123,"122,9",123,124,"124,6","122,9","120,6","117,9","115,8","114,9",114,"113,6","112,8","112,5",112,"111,7","110,5","109,6",109,"110,1",110,"109,6","110,8","111,6","112,4","113,3","112,7","112,1","111,5","110,3","108,7","107,5","107,1","105,9","105,4","106,4","106,6","105,9","106,1",105,105,"104,9","104,9",105,"104,8",107,"107,8","106,9","106,9","107,7","107,5","108,6","107,9"
Сирки та сиркова маса,"115,5","118,1","117,8","118,7","119,7","119,3",120,"121,8","121,7","121,8","121,6",119,"117,6","114,7","113,5","113,5","112,6","112,6","112,2","110,7","111,2","110,4","109,8","108,7","108,4","108,5","108,8","107,9","108,4","108,4","108,5","109,5","108,9","108,1","106,9","106,3","107,1","106,5","105,9","106,9","106,5","106,9","106,8","105,9","105,7","105,9","105,4","105,3","103,8","104,7","105,4","104,3","104,8","105,8","107,5","107,6","108,5",110
Сметана жирністю до 15% включно,"125,5","126,7","128,2","128,4","129,2","128,7","129,2","129,6",131,"129,7","128,5","124,2","122,6","119,9","117,8","116,9","116,4","115,2","114,4","113,6","113,3","113,3",112,"111,8","111,8","111,4","110,8","111,4","111,2","111,7","112,4","111,7","112,3","111,1","110,1",109,"108,2","107,5","107,3","106,9","106,3","107,1","106,5","106,6",105,"104,5",105,"104,1","104,2","106,1","106,5",107,"108,1","107,7","109,1","110,3","111,2","112,3"
Сметана з підвищеним вмістом жиру,"123,4","124,5","125,2","125,7","125,9","127,1","126,9","129,3","128,8","128,6","127,4","124,5","122,2","120,2","119,4","119,2","119,2","117,5","117,3","115,1","115,4",114,"113,4","112,5","111,8","111,6","111,9","111,7",112,"112,5","112,6","112,8","111,8","111,3",109,"107,9","106,9","106,3","105,5","105,8","106,7","107,6",107,"106,6","105,7","105,9","105,8","105,3","106,1","106,7","108,3","108,8",108,108,"109,2","109,9","111,2",111
Яйця ,"86,8","95,6","112,9","108,8","89,6","103,3","90,5","105,4",137,"104,3","115,4","121,2","127,8","150,9","161,7",193,"201,7","153,8","156,1","140,2","122,2","109,2","97,7","90,5","87,4","85,6","81,9","74,7","69,9","56,8","70,8",93,"76,4","81,5","83,9","85,4","84,5","72,3","66,7","82,1",113,"154,7",114,"84,7","96,9","108,5","112,8",130,"152,3","184,5","209,1",190,"134,4","112,6",133,"151,8","160,7","132,4"
Масло вершкове,"130,6","131,5","131,1","129,8",129,"128,5","130,3","131,6","130,8","130,8","126,1","121,7","120,2","116,6","116,9","116,9","116,9","117,7","116,1","114,5","114,2","110,9","110,6","110,2","110,2","110,7","109,7","110,3","110,5","110,6","110,9","111,7","111,6","111,2",109,"107,8","106,5","105,7","106,3","105,6","104,4","104,9","105,1","104,7","103,2","102,6","102,9","103,2","103,8","105,1","105,7","106,2","108,7","108,2","108,8",109,"110,8","112,3"
Спреди,"112,6","113,1","114,2","112,4","112,5",112,"113,4","113,5","112,9","109,4","108,8","109,3","110,1","110,4","108,6",109,"109,6","109,3","108,5","108,3","108,6","109,9","108,6","108,7","108,6","107,3","107,7",109,"108,9","110,1",110,110,"109,4","108,4","107,7","105,9","104,8","104,3","103,2","102,4","101,7","101,2","102,1",102,"101,5","102,2","102,9",104,"104,5","107,4","108,3","109,8","110,1",112,"111,5","112,5","114,6",117
Маргарин,"106,9","106,9","108,9","108,8","109,9","109,7","110,5",110,"110,5","110,2","109,6","108,8","108,9","108,6","108,2","108,7","108,4","107,4","107,6","108,1","107,4","108,4","109,3","110,2","110,1","110,2","110,2","111,4","112,8","112,4","111,5","111,4","111,6","112,4","111,5","108,9","108,7","106,5","104,1","104,6","103,7","105,3","104,5","103,4","102,5","103,2","103,7","107,6",107,"113,3","118,1","120,6","121,1","121,9","125,5","127,6","126,7","124,5"
Олія оливкова,"102,4","101,9","101,9","103,8","103,8",104,"105,3","104,7","105,5","106,7","107,9","109,3","110,3","111,1","113,4","112,1","112,7","112,7","110,2","109,9","108,7","108,7","107,8","107,6","105,3","105,2","102,5","101,8","100,8","99,5","100,5","100,2","100,3","97,5","97,2","95,2","95,6","94,7","94,8",93,94,"96,2","95,2","94,2","93,1","93,1","92,1","93,3","93,6","94,5","94,8","97,7","97,7","99,1","99,4","102,4","102,6","105,8"
Олія соняшникова,"108,1","108,5","107,6","107,2","106,3","105,5","104,6","104,5","103,9","103,2","103,3","103,9",104,104,"103,5","102,9","102,4","102,4","102,5","102,5","102,8","103,5",103,"102,4","102,5","101,6","101,2","100,7","101,2","101,2","101,1","101,1","101,1","100,1","99,5","98,6","97,9","97,9","98,2","98,7",98,"98,3","98,5","99,3","100,4","108,1","115,3","121,7","125,6","135,4","148,5","162,9","175,2","180,3",179,"175,6","171,7","157,4"
Сало,"90,6","93,6","96,6",101,"103,4","111,6",121,"127,1","138,3","148,4","154,5","156,4","155,7","153,6","152,8","149,2","145,8","138,2","129,6","124,2","115,2","109,1","105,8","104,3","104,8","105,5","105,3","105,6","105,2","104,5","105,3","106,2","103,4",100,"98,6","98,9","98,5","97,9","98,5","98,1","99,4","100,5",100,"99,3","99,6","100,3","101,5","101,3","102,1","103,8","104,7","106,3","107,6","107,7","107,6","107,9","111,3","113,7"
Лимони,"71,5","79,8","79,5","80,5","78,9","88,2","78,9","70,3","77,7",105,"122,5","133,5","126,8","111,6",107,"96,4","96,2",101,"105,8","103,4",91,"86,8","80,3","77,1","79,9","81,2",85,"94,7","94,5","89,3","85,4","90,3","111,6",127,"118,2",122,"112,6","125,1","145,1","201,6","128,1","90,9","82,8","86,9","85,8","83,1","96,2","93,7","89,3","84,1","75,7",50,64,"89,1","107,9","108,1","117,6",100
Апельсини,"85,8","89,5",94,"92,9","100,7","122,7","138,5","135,4","126,9","122,1","125,8","121,4","118,3","117,6","114,1","107,9","93,6","80,7","69,9","64,2","72,4","82,1","88,1","92,8","92,1","88,7","84,4","82,8","86,8","91,3","103,1","117,3","111,1",107,"106,7","105,3","97,2","98,7","101,1","118,8","131,7","133,3","128,9","119,8","118,6","128,1","117,3","113,4","115,3","113,6","106,4","93,1",89,"81,5","78,4","81,7","86,8",82
Банани,"69,9","78,8",91,"96,2","107,4","107,5","92,8","89,9","89,6","89,8","93,1","117,2","137,9","153,7","134,4","109,3","89,4",83,"93,3","98,1","106,4","104,4","97,7","87,6","78,9","77,9",83,"91,6","103,7","115,4",119,"118,4","108,2",117,"118,5","111,5","106,4","95,7","88,6","89,9","99,7","99,7","92,2","90,3","83,3","76,2","84,8","96,3","98,8","104,3","115,6","111,6","102,4","100,2","104,7","96,1","106,8","122,5"
Яблука,"86,9","86,7","90,1","99,4","127,1","157,2","154,2","144,5","149,2","147,5","149,4","149,1",149,"151,6","160,7","160,7","129,7","97,7","86,2","81,3","72,8","65,2","59,6","57,3","56,8","54,4","50,5",47,"53,5",74,"92,5","104,8","127,1","141,1","150,6","154,6","152,4","154,4","158,1",175,"196,9","194,4","187,5","170,3",137,"121,7","115,3",115,"116,1","119,2","119,2","108,6","83,8","63,8","59,2","63,4","72,4","69,1"
Кісточкові ,"92,3","97,7","102,1","106,8","117,5","107,2","103,7","102,9","97,3","96,6",99,"103,5","107,2","110,6","108,2","101,5",89,"90,4",100,"103,3","118,2",118,"115,4","112,4","109,4","106,1","104,8",105,"118,8","132,5","123,5","111,5","97,6","102,4","102,5","101,9","97,3",96,"98,1","111,8","115,7",114,118,"129,8","128,7","120,8","119,9","121,3","121,9","123,5",123,108,"106,8","114,3","137,5","136,3","121,3","120,9"
Ягоди,"119,3","126,1","131,9","138,1","98,1","141,2","139,4","138,5","142,4","141,3","144,9","151,7","157,1","162,1","158,6","148,8","137,1","101,2","88,9","88,4","86,2","86,3","84,5","82,2",80,"77,6","76,6","76,8","129,7",132,"149,9","146,4","154,1","160,5","160,7","159,6","152,4","150,3","153,6",175,"181,4","184,9","189,6","190,7","169,8","159,9","159,1","161,3","162,1","164,2","163,5","143,5","147,2","103,4","99,3","102,5","108,7","108,1"
Виноград,110,120,"109,5","102,1","103,4","104,4","107,3","100,6","88,3","85,5","82,5",84,86,"92,6",94,"96,4","96,1","89,8","78,4","74,6","96,4","108,4","112,6","104,3","101,5","89,7","86,2","88,7","92,2","100,6","109,6","112,1","99,7","89,6","84,8","88,4","87,5",88,"93,4",93,"91,5","91,2","93,6","99,8","95,3","95,3","90,6","89,3","84,2","84,4","83,8","85,5","89,7","85,7","84,8","93,6",94,"87,6"
Кавуни,"99,3",105,"109,9","114,9","126,6",145,"90,4","128,8","234,6","232,4","238,8","249,8","258,7","266,9","261,1",245,"214,8","185,3","121,8","127,3","86,9","87,1","85,3","83,1","80,8","78,3","77,3","77,4","87,6","97,8","142,4","87,7","110,6",115,115,"114,3","109,3","107,8","110,2","125,6",130,"128,9","131,9","158,9","110,6","104,4","103,8","104,9","105,5","106,8","106,4","93,4","92,3","82,8","65,1","82,9","73,4","73,3"
Ківі,"97,9","109,8",119,"146,5",168,"190,1","167,5","170,3",153,"138,2","140,4","141,1","140,1","135,6","123,6","99,1","89,8","88,4","89,8","81,2","85,9","93,7","94,5","87,2","85,9","80,4","80,9","84,5",87,"91,7","97,2","110,1","109,5","93,3","90,6","93,1","87,8","96,4","108,6","134,5","138,4","154,8","141,4","135,4","126,7","113,2","112,2","119,6","122,8","121,5","110,9","91,7","91,7","91,7","99,3","94,6","100,5","116,3"
Сухофрукти,"97,2","97,1","96,5","94,2","94,9","94,7","94,4",94,"92,9","93,2","94,5","97,3","98,6","98,7","100,5","102,7","102,9","103,4","103,4","104,1","105,8","105,7","104,9","102,3","100,9","99,7","98,1",96,96,"96,4",96,"95,7",94,"94,6","93,4","92,3","93,9","93,8","94,2","96,2","96,9","97,1","96,3","96,1","96,7","97,8","99,8","101,4","100,2","101,8","102,9","105,5","108,1","110,9","114,4","117,1","117,8","121,8"
Салати,"61,1","51,8","45,4","29,6","45,1","63,8","48,9","40,3","37,6","49,6","73,9","80,8","82,5","77,6","83,9",90,"92,6","96,3","101,9","107,3","99,3","96,1","94,4","96,3","94,6","99,8","100,2","103,6","105,7","104,5","110,7","111,4","109,4","104,7","106,7","105,3","101,9","95,5","94,3","96,6","97,7",103,"100,9","98,8","98,4","100,7","97,4","94,7","94,2","95,8","96,1","96,9",104,"100,9","102,9",104,"110,5","108,2"
Капуста білокачанна,"35,3","35,9","39,3","55,2","125,4","413,6","466,6","231,3",186,"122,8","111,5","110,4","117,4","133,4","171,6","149,5","114,4","78,2","57,8","102,3","117,3","144,1","164,3","205,4",234,"227,8","232,5","271,1","152,3",84,"109,2","114,2","109,4",103,90,"67,6","51,7","42,5","34,4","27,1","43,8","85,6","73,1","72,3","77,7","79,2","79,6",81,"85,8",104,"106,4","93,5","135,4","95,6",112,"108,9","107,1","126,5"
Огірки,"90,2","83,5",84,"101,9","102,5","90,6","76,2","86,3","103,9","112,7","120,1","125,4","96,6","94,4","81,6",94,"105,2","71,7","90,8","90,3","93,7","81,3","91,2",81,"89,3",108,"132,6","104,8","99,2","147,2","147,6","127,9","94,6","101,9","100,4","95,4","92,2","92,4",93,64,"106,2",143,"136,2","124,8","121,8",78,"82,8","97,5","89,5",89,"90,5","142,2","84,4","64,8","50,8","56,4","95,9","152,4"
Помідори,"58,8","59,7","58,3","68,1","81,9","71,7",67,"62,8","77,6","102,1","104,6","118,7","99,6","91,2","102,6","82,1","79,6","86,8","68,4","90,1",113,"103,3","105,9","84,7","89,8","107,4","105,5",117,112,"114,1","185,5","175,6",119,"91,8","98,5",93,"84,2","81,2","85,5","81,6","87,7",93,"89,2",112,"109,6","92,5","99,5","97,2","85,8","83,3","86,7","87,3","85,5","98,6","85,1","71,3","97,7","120,7"
Кабачки,171,"172,9","188,6","218,2","182,3","268,9","221,5","338,7","411,4",387,"279,2","220,5","167,6","165,8","174,4",171,"167,2","110,7","111,9","108,4","105,2","97,3",107,"116,3","122,4","128,5","125,4","133,9","134,3","168,9","192,1","164,8","130,6","139,6","130,1","112,7",103,"97,4","96,7","89,6","123,1","139,2",117,"109,8","105,9","89,9","96,5","103,3","103,2","108,9","109,3","103,4","93,3","99,5","92,6","106,8","158,1","199,8"
Баклажани,171,"172,9","188,6","218,2","182,3","378,5",406,"381,2","585,9","538,8","389,1","307,3","233,5",231,"243,1","238,3","198,3","168,8","122,2","135,2","94,4","86,7",95,"103,2","108,6","114,1","111,3","118,9","123,6","128,8","145,9","121,5","100,9","105,8","98,6","85,4","78,1","73,9","73,3","67,9","67,8","62,7",114,"119,4",120,"104,8","112,7",121,"120,9","127,5",128,"121,1","119,6","123,8","104,4","112,1","147,4","191,4"
Перець солодкий,"61,8","68,6","63,1","59,8","62,3","60,7","68,9","79,1","115,6","123,6","109,3","102,7","102,2","87,5",85,"82,8","90,3","100,4","85,8","102,4",89,"88,4","82,1",78,"75,7","74,6","76,3","79,6",91,"79,6","81,7","69,7","60,1","60,1","63,4","58,4","57,2","61,1","63,6","73,6","66,6","66,7","74,8","78,7","80,4","71,9","71,1",75,"72,4","69,9","70,3","66,7","67,3","65,4","66,5","56,3","52,6","52,1"
Цибуля ріпчаста,"44,3","45,6","45,2","58,4","87,9","129,9","190,3",175,"136,9","121,3","118,5","120,9",121,"124,3","145,9","136,1","84,4",64,"61,3","94,2","116,5","180,2","237,4","308,4","320,4","344,8","290,9","346,2","428,7",240,"170,9","122,6","110,1","82,3","68,7","52,7","49,1","47,5","60,8",78,"61,6","67,2","55,9","57,2","64,7","61,5","56,8","57,8","61,6","66,1","58,5","34,3","47,7","87,3","167,9","178,3","162,6",178
Буряк,"49,6","49,9","50,9","52,2","61,3","85,8","138,8","146,5","160,2",146,"141,9","161,6","170,6","183,2","243,6",249,"191,8","162,1","133,8","124,5","128,5","139,1","145,6","174,9","174,5","157,8","114,9","114,7","169,4","126,1","108,2","111,7","100,3","92,7","83,1",59,"53,6","51,5","53,4","48,4","27,9","40,3","69,2","81,8",82,"79,6","80,2","86,6","98,5",118,"124,5","118,9","183,3","228,7","193,6","142,4","135,6","159,7"
Морква,"40,4","39,9","40,8","55,4","84,2","111,4","197,3","178,5","181,4","158,9","150,9","149,9","153,9","161,9","224,1","198,6","118,3","160,9","185,9","162,7","143,4","163,4","163,9","179,3","173,1","149,2","104,9","101,9","164,7","90,3","62,5","65,5","69,1","64,2","62,9","53,6","51,5","53,2","56,9","54,8","32,5","63,7","93,1","114,2","100,9","93,2","92,4","98,3","104,4","124,2","126,6","112,7","139,7","119,3","120,9",93,"111,1","128,4"
Гриби,"102,3","111,4","120,8","114,8","115,8","114,2","127,8","121,1","120,3","113,3","107,9","110,1","110,2","116,7","110,1","114,5","106,8","112,5",106,"111,2","113,1","122,8","123,9","111,1","116,7","105,6","101,5","110,5","119,6","116,2",113,"120,2",110,101,"98,9",105,"110,4","106,1","106,7","86,3","99,8","109,1","97,1","84,9","86,9","92,3","96,2","91,7","82,2",91,"86,6","104,4","91,6","75,7",87,"92,4","107,2","101,4"
Бобові ,"112,7","110,3","103,7","99,4","96,9","95,7","93,6","94,1","94,3","94,2","94,8","95,1","94,8","94,5","93,8","92,9","93,9","94,5",96,"95,4","95,5","97,2","96,5","96,9","97,6","100,2","102,5","104,3","104,5","103,5","101,4",101,"101,1","100,4","99,8","100,3","100,4","100,1","101,9","108,6","110,6","110,1","112,5","113,2","114,1","113,7","122,8","130,7","137,8","139,3","141,4",135,"133,7","134,9","132,5","130,6","126,8","128,5"
Овочі консервовані,"107,1","106,4","105,2","105,5","105,7","106,1","105,4","105,1","106,3","106,7","106,7",108,"109,8","109,6","108,7",108,"108,2","108,9","108,8","109,6","108,8","110,2","111,2","110,9",110,"110,2",112,"112,5","112,6","112,4","113,1","112,8","113,4","112,5",111,"110,3","109,9",109,"108,5","108,2","108,3","107,7","108,1","108,1","106,9","105,5",106,"105,5","104,5","105,8","105,5","105,3","105,3","104,8","104,8","104,9","104,4","104,4"
Гриби консервовані,"107,3",108,107,"105,6","105,6","104,9","105,5","106,4","108,4","109,7","110,8","113,2","112,2","111,4","110,3","108,7","108,6","108,6","108,1",107,"106,7","107,2",108,"107,7","110,7","111,2","112,7","113,6","114,1","114,9","115,9","117,5",117,115,"112,3","108,8",106,105,"103,3","104,7",104,"102,2","101,5","99,9",100,"99,4","100,9","102,1","102,7","102,4","102,3","101,3","100,2","102,1","102,5","103,1","102,6","103,3"
Паста томатна,"105,4","105,5","104,7","103,2","103,5","104,8",104,"102,5","101,3","100,5",101,"102,2","102,8","102,8","103,1","104,5","104,3","103,5","102,7","105,4","106,7","106,9","106,9","106,7",107,"107,2",107,"106,2","106,8",107,"108,5","107,4",107,107,"107,3","107,4","106,6","106,1","105,8",107,"106,2","105,5","106,4","105,6",105,"104,9","103,4","104,2","103,8","104,8",105,"104,1","105,4","105,7","105,3","106,4","106,5","106,3"
Картопля,"86,4","96,5","107,4","121,6","140,1","143,5","152,9","144,9","140,4","128,2","120,6","116,5","114,6","112,1","120,8",116,"89,8","78,3",88,101,"100,8","104,3","112,4","131,9","143,1","144,7","131,9",135,"184,8","196,9","190,4",196,"211,2","232,4","207,9","167,5","142,7","128,5","129,1","139,8","110,2","94,1","84,1","68,8","63,9","60,5",67,"76,8","83,3","91,2","92,6","79,3","76,8","81,1","91,4","83,8","88,9","93,8"
Цукор,"98,9",102,"106,2","110,4","112,1","114,4",114,"114,6","114,5","106,6","97,6","92,6","91,2","87,6",84,"82,2","80,1","79,5","81,5","81,4","81,7","84,4","88,2","90,7","91,8","93,3","94,2","94,7",98,"105,5","106,5","104,3","103,4","103,4","102,6","102,2","100,7","100,7","103,4",109,"106,8","98,8",95,"96,3","98,8","124,3","137,3","147,7","154,7","161,7","164,7",165,"167,2","170,1","183,5","191,2",188,"148,3"
Мед ,"109,1","109,1","108,2","107,7","106,1",106,"106,6",110,"109,9","108,7","109,1","109,7","108,7","108,8","109,4","109,6","109,9","109,7","109,1","106,8",106,"107,4","107,5","106,9","107,1",107,"106,5","106,3",107,"106,6","105,9","105,9",107,"106,5","105,9","105,9","105,2","104,7","104,4","104,6","103,5","102,8","104,5","104,1","103,3","103,7","104,2","104,6","105,2",106,107,"106,2","108,4","109,1","109,3","111,7","112,7","113,6"
Шоколад,"100,6","101,6","103,3",104,"103,1","103,1","103,5","102,5","101,7","101,9","101,5","101,4",102,"101,7",101,"101,3","102,2",101,"101,5","102,6","104,5","104,2","105,2","104,7","104,2","104,6","104,2","104,3","105,5","106,1","104,9",105,"104,6","102,7","102,1","102,6","102,5","101,8","102,2","101,4",100,100,100,"99,5","98,2","99,7","99,7","100,4","100,9","101,5","101,6",103,"104,3","105,2","106,5","105,9","106,3","104,9"
Цукерки шоколадні,"107,2","107,2","108,4","107,2","107,6","107,9","108,4","108,2","108,3",108,"108,2","107,5","107,9","107,4",107,"107,2","106,6","106,7","106,5","106,1","106,5","106,9","106,1","105,2","105,7","105,8","105,2","104,1","104,9","104,9","104,9","104,6","104,6","104,9","104,4","104,8","103,2","102,7","102,7","102,7","102,1","101,6","100,6","101,3","101,1","100,4","100,5","100,4","100,5","101,7","102,2","103,4","105,4",107,"108,1","108,3","108,6","109,6"
Карамель,109,"108,6","109,4","109,6","110,8",111,111,"109,6",109,"108,9","108,2","107,6","107,9","107,1","106,6","105,5","105,7","105,1","104,8",105,"104,9","104,3","104,3","103,6","102,8","103,1","102,8","103,1","102,3","103,1","102,9",103,"102,3","102,3","101,9","102,9","102,5",103,"102,6","102,1","102,1","101,1","100,9","100,7","101,4",101,"100,3","100,3","101,3","102,2","102,6","104,5","106,4",109,"109,9","110,8","111,3","112,9"
Зефір,"106,5","105,2","107,9","108,5","109,4",111,"111,3","112,4",113,"114,1","113,2","113,1","113,3","113,5",112,"110,8","109,3","108,2","108,1","107,2",107,"105,8","104,5","105,5",105,"104,8","103,5",104,"105,3","106,4","105,8","106,3","105,7","105,9","106,9","105,4","105,8","105,8","105,4","104,1","102,4","101,6","102,6","102,3","102,4","101,2","101,2","103,2",103,"104,7","106,6","110,1","111,6","115,1","115,4","116,3","117,4","119,7"
Морозиво ,"109,7","109,6","109,6","110,3","111,9","114,1","115,5","117,7","116,3","116,2","116,1","115,8","116,3","116,8","115,5","118,7",118,"115,6","114,4","112,9","112,9","112,8","113,7","114,5",115,"114,3","114,5","110,8","109,4","108,5","108,9","108,6","108,2","108,8","108,6","108,8","108,1","108,1","108,1",107,"106,8","107,3","105,4","105,5","106,3","105,1","105,1","104,5","104,6","104,9","105,1","105,9","105,9",106,"107,5",107,"105,4","108,8"
Кетчуп томатний,"106,3","106,7","106,6","107,1","106,6","106,5","106,3","105,1","104,1","103,2","104,1","104,2","104,8","105,3",107,"107,7","109,5","108,5","108,5","108,6","109,1","108,5","108,6","108,9","109,6","108,4","107,2","107,7","106,9","109,3","108,1","107,3","107,9","108,4","108,2","107,7","107,3","106,1",107,104,"105,9","104,2","104,8","104,5","104,3","104,9","103,8",103,"103,6","104,6","104,8","106,2","104,6","105,2","104,6",106,"106,6",105
Майонез,"108,9","109,2","109,4","108,9","110,6","110,6","110,2","109,8","109,9","109,9","109,6","109,5",109,"108,3","107,2","107,5",106,"106,5",107,108,"106,8","107,3","106,5","106,8","107,3","107,9","108,8","108,5","108,2","108,1","107,9","107,1",107,"105,4","105,2","104,5","104,2","102,9",102,"101,3","101,9","101,6","101,4",101,"101,9","103,4","105,4","106,7","108,7","113,4","117,3","122,6","129,7","134,7","136,7","139,2","139,5","138,7"
Сіль,"105,3",105,"106,1","107,1","108,3",111,"112,4","115,4","116,1","116,2","117,5","117,5","116,7","117,3","121,8",126,"125,6","127,6","129,2","128,7","125,4","124,4","121,9","121,5","123,5","122,8","118,9","113,7","112,7","110,1","110,5","111,6","113,4","113,8","113,8","113,3","111,9","110,3","110,4","110,3","109,9","108,7",106,"104,1",104,"102,9","102,8","102,1",101,"101,9","101,7","101,6","101,5","101,3",102,"102,1",103,105
Часник,144,"144,4",136,118,"95,8","88,1","94,8","84,7","78,7","73,3","67,4","64,5","62,1","62,2","60,1","63,2","60,3","50,6","55,8","67,1","67,7","70,5","76,6","81,6","86,1","82,6","80,4","87,1","102,5",108,"109,4","108,5","110,9","115,4","123,4","125,2","121,3","126,4","174,8","191,3","135,1","133,1","129,3","115,8","109,7","109,8","101,6","96,7","89,8","84,5","59,5","55,4",85,"93,1",119,"147,6","155,9","142,1"
Спеції,"102,6","102,3","100,7","100,3","100,1","100,6","100,8","100,1","101,4","102,1",102,"101,8","101,8","101,2","101,6","101,1","101,3","101,4","101,4","101,3","99,4","99,4","100,5","100,3","100,5","100,5","100,3","100,5","99,8","99,8","100,7",101,"102,4","101,5","100,2","100,2","100,3","99,5",100,"99,2","100,3","100,6","99,5","99,2","100,1","99,8","100,6","99,8","99,4","101,6","101,9","103,3","103,5","104,8","105,7","107,6","107,2",108
Супи,"108,1",108,"108,7","108,4","108,1","107,2","107,6","107,2","108,2","107,5","107,1","107,9","108,2","109,3",108,"109,7","109,7",110,"109,7","108,7","107,2","107,3","106,1","105,9","106,1","104,8","105,8","105,4","105,6","105,1","104,9","106,1","106,4","106,4","106,5","105,6","105,5","105,2","103,5",104,"102,1","102,4","101,8","100,7","100,8","101,6","103,5","103,3","103,8","104,8","105,3","104,2","107,6",106,"107,2","108,2",107,"106,9"
Молочні суміші для дитячого харчування,"107,4","108,5","107,1","106,6","106,2","106,1","105,7","105,5","106,7","106,5","107,4","108,5","108,5","108,4","108,3","108,5","107,9","107,7","108,7","108,4","108,4","108,4",108,"107,4","106,9","105,8","106,7","107,1","107,5","107,3","106,3","107,2","106,4","106,3","106,5","105,7","105,9","105,8","104,2","103,8","103,6","103,9","103,6","102,7",103,103,103,"103,2","102,6","102,6","103,1","102,7","102,6","102,4","103,4","103,6","103,3","104,2"
Кава мелена,"100,3","100,8","101,4","102,3","102,6","102,8","102,2","104,2","104,1","105,2","105,6","106,6","106,9","105,9","105,2","105,1","105,2","104,7","104,7","103,7","103,8","103,2","102,5","102,1","102,7","102,9","102,7","101,9","102,2","101,9","101,7","101,2","101,2","101,2","100,1","100,4","100,5","100,2","99,9","99,6","100,2","99,7","101,8","99,3","99,5","99,7","100,9","101,8","100,7","101,4","102,2","103,7","102,3","104,6","102,5","104,3","103,2","104,4"
Кава розчинна,"103,4","103,9","104,2","105,1","105,4",105,"104,9","104,4","104,5","104,9","105,1","105,1","105,1",104,"103,5","102,9","103,1","102,3","103,3","104,2","104,3","104,1","104,2","104,4","104,5","104,4","104,3","104,5","104,8","104,3","103,9",103,"103,1","102,9","101,5","101,2","101,3",101,"99,2","100,1","99,7","100,5","99,7","99,8","100,6","100,2","100,9","100,7","100,8","100,3","102,8","102,3","101,4","101,3","101,9","102,2","101,2","102,4"
Чай,"102,3","103,1",104,"103,5","103,9","103,5",104,"104,1","104,5","104,6","104,6","104,7","104,3","103,3","103,3","103,4","102,8","102,9","102,6","101,8","102,3","102,6","102,7","103,4","104,6",105,"104,5","104,5","104,6","105,2","106,2","106,6","106,6","106,6",105,104,"102,7","102,8",102,102,"102,4","103,1",103,"102,1","101,8","101,6","102,8","102,4","102,4","102,3",103,"102,8","103,7","102,8","102,2","103,2","103,1","104,3"
Вода столово-мінеральна,"104,4","104,4","104,8","105,2","105,6","105,9","108,1","109,5","110,1","110,8","110,9","110,4","111,3","112,5","112,9","113,1","113,8","114,7","113,2",113,"112,1","111,7","112,7","114,4","113,6","112,8","111,4","110,5","109,9","109,6","109,2","109,2","108,9","108,6","107,8","106,4","105,7","104,6","104,8",105,104,"102,5","102,3",101,"102,4","102,1","101,7","102,3","103,2",103,"102,6","103,4",103,"103,7","103,7","105,7","104,6","105,7"
Вода питна ,"101,4","102,6","102,1",102,"102,5","102,8","103,3","105,1",106,"106,2","107,2","107,8","107,5","107,4","108,3","108,6","109,8","110,2","109,7","109,5","109,4","110,1","109,5","109,4","110,8","110,6","110,4","110,6","110,4","110,7","110,7","109,7","109,2","108,2","108,2","108,2",107,"106,5","106,2","106,2",105,"103,5","102,4","102,1","101,7","101,4","101,1",101,"101,4","100,7",101,"100,3","100,3","101,2","101,8","102,7","103,3","103,9"
Напої безалкогольні,"109,7","109,4","108,5","107,7","106,8","106,3","107,1","107,3","107,7","108,5","110,1","111,1","110,2","110,2","111,2","111,7","111,4","111,6",111,"111,6","111,2","110,8",110,109,"110,1","109,9","108,7","108,6",109,"108,4","107,4","107,5","107,3",107,"106,5","105,9",106,"105,6","106,1","104,5","103,2","102,9","103,9","102,2","102,2","102,2","103,1","103,4","102,7","103,6","102,9","103,9","104,8","104,7","104,6","106,1","105,9","105,4"
Соки фруктово-ягідні,"116,2","115,2","113,1","112,7","111,2","110,8","110,1","110,5","110,5","111,3","111,2",111,"110,8","112,1","111,8","111,1","111,6","111,3","111,2","111,9","111,9","111,8","111,7","110,8","109,9","108,6","109,3","108,4","108,9","108,4","107,9","107,2","107,3","106,3","105,7","105,5","105,8","105,5","105,3","104,4","103,7","103,2","103,3","103,7","103,1","103,7","104,2",104,"105,1","104,9","104,7","105,8","106,6",107,"106,9","107,3","106,4","107,7"
Горілка,"124,5","124,7","124,3","123,1","119,3","118,8","119,5","119,6","124,6","123,9",124,"114,4",114,"114,1","114,3","114,2","113,3","111,6","111,1","110,8",105,"111,4","111,4","111,5","111,8","111,4","111,4","111,5","111,2","111,2","111,4","110,9","110,7","102,5","101,8","101,5","100,9","101,1",101,"100,7","100,7","100,7","100,5","100,6","100,3","100,2","100,5","100,6","100,8","100,9","100,9","100,9","101,1",101,101,101,"101,3","101,6"
Горілка преміум класу,"113,5","112,5","113,4","113,2","110,2","112,7","114,5","115,2","113,4","113,8","112,3","110,2","108,8","110,6","109,9","110,6","109,4","107,4","105,1","105,1","105,2",107,"108,5","109,3","108,8","107,6","107,9","106,5","106,5","104,9","105,6",105,"104,7",102,"101,8",101,"101,3","101,1","101,1","100,2","99,8","100,2","99,5","99,5","99,1","99,4","98,9","98,5","97,8","98,9","97,7","97,9","98,1",98,"99,9","97,9","99,2","98,7"
Коньяк ,"117,8","119,6","119,7","119,1","116,6","115,7","115,3","115,5","120,4",123,"124,5","117,8","116,3","115,5","115,8","115,2","115,5","114,5","114,5","113,9","109,6","111,1","110,5","109,7","109,1","108,8","107,8","107,4","106,6","106,5","107,1","106,4","106,7","102,3","101,2","101,5","101,2","101,1","101,2","100,5","100,6","100,3","99,5","100,1","99,6","99,6","99,7","98,7","99,3","99,7","99,1","99,6","99,3","100,1","100,7","100,4","100,5","101,3"
Вина столові вітчизняні,"115,7","114,4","112,8","112,3","110,4","108,3","109,6","108,3","110,9","111,8","111,9","111,7",112,"111,1","110,8",109,110,"110,1","108,9","108,5","105,5","106,6","106,5","106,7",106,107,"107,2","108,1","107,4","108,1","107,8","107,8","108,3","106,3","105,6",105,"105,3","103,3","103,5","103,1","102,1","101,1","100,9","100,5","99,8","99,8","99,7","98,4","98,4","99,7","99,4","98,5","99,7","100,2","100,5","101,3","101,8","101,6"
Вина столові імпортні,"115,1",113,"111,5","109,5",108,106,"105,2","104,3","104,8","105,3","105,2","103,9",105,"104,9","105,7","106,5",107,107,"108,1","107,2","107,1","107,9","107,7","107,5","107,1","107,1","105,9","105,5","104,5","104,9","104,7","104,4","103,1","101,4","101,7","102,1","101,7","101,9","101,6",101,"100,6","100,6","99,5","100,7","100,1","100,7","100,1","98,7","98,2","99,3","98,9","99,5","99,3","99,4","100,8","98,1","100,1","101,1"
Вина ігристі,"123,1","122,6",121,"118,8","117,1","115,2","114,8",115,"119,4","120,9","121,2","112,5","111,8","111,9","111,5","111,2","111,5","112,2","112,2","111,6","108,2","111,7","112,3","111,4","111,3","112,1","111,4","110,7","111,2","111,7","111,9","111,6","110,4",105,"104,2","104,4","104,4","102,9","103,6","103,4","102,7","101,8","102,1","101,7","101,4","100,7","101,3","101,1","101,3",108,"108,3","109,7","110,6","110,7","111,4","111,3","111,5","112,4"
Пиво вітчизняних марок,"122,7","120,2","118,5","115,9","115,7","113,7","110,6","110,8",111,"110,9","110,1","109,4","109,3","108,6","108,7",109,"109,1","108,7","111,2","111,1","110,4","110,7","111,8",111,"111,5","112,2","111,9","113,2","112,3","113,6","112,3","113,1","113,7","113,2","112,1","111,8","110,7","109,7","108,5","106,8","106,8","105,2","104,3","102,9","101,9","102,2","101,1","101,3","101,9","101,7","101,9","102,5","100,9","102,5","103,4",104,"105,6","104,5"
"Пиво, виготовлене за ліцензією ","122,4","119,8","117,7","114,5","113,2","112,4",109,109,"109,7","109,6",109,"109,4","108,9","109,2","106,6","109,2",110,"110,6","110,7","109,2","110,8","110,3","111,8","110,9","112,4","111,5","114,9","113,9","113,9","112,1","112,3",113,"110,7","112,9","109,6","111,3","109,6","108,2","105,8","106,2",105,"103,8","103,9","101,4","101,1","98,8",100,"98,4","98,1",102,"102,1","101,1","99,6","102,4","103,4","104,6","105,1","106,8"
Сигарети з фільтром вітчизняних марок,"139,8","147,7","149,7","147,1",148,"148,3",149,"146,6","145,8","143,9","141,9","138,7","135,6","133,7",133,"132,1","128,7","126,1","125,3","123,9","121,5","121,3","121,7","122,5","123,6","123,7",123,"122,7","122,7","121,6","120,4","120,7","121,7","121,7","122,4","122,6",123,"123,4","124,6","125,2","124,8","123,9","123,1",122,"121,7","121,3","121,1","120,9",121,"120,3","119,5","119,1","118,4","118,6","118,5",119,"118,1",118
Сигарети з фільтром медіум класу,"128,9","141,5","143,4","140,7","144,8","149,7","147,9","145,2","143,2","140,3","138,7","137,4","138,5","137,3","136,3","136,3","131,4","127,4","126,2","124,7",124,"124,4","125,3","126,6","126,4","125,1","124,8",124,"123,6","122,8","121,3","121,2","121,8","121,6","121,8","121,5","120,7","120,5","120,4","120,5","120,5","119,7",119,"119,1",119,"119,9","120,5","121,1","121,5","121,5",121,"120,6","119,9","119,9","119,7",119,"118,5","117,1"
Сигарети з фільтром преміум класу,"120,9","125,2","124,8","124,5","127,6",130,"129,2","128,5","128,6","127,7","127,2","126,8","127,3","126,9","128,3","128,2","124,9","122,2","121,7","120,4","119,5",121,"122,4","123,4","124,1","124,5","123,4","121,8","120,2","119,4","118,7",119,"119,9",120,"119,8","119,5","118,5","117,9","118,1","118,7","119,3","119,1","118,7","119,7","120,7","121,1","121,4","121,2","121,4","120,8","120,1",120,"119,5","119,1","119,1","118,1","116,8","115,7"
Сигарети без фільтру,"134,2","138,1","139,8","142,4",142,"142,5","142,4",142,"140,8","139,9","137,3","134,5","132,4","131,3","130,6","129,6","128,4",126,"124,1","122,5","120,9","120,6","120,9","122,4","122,5","121,8",121,120,"118,6","118,1","118,3","118,5","119,1","119,8","120,4","120,4","120,3","121,4","122,2",123,"122,2","120,6","119,4","119,3","118,7",118,"117,8","117,3","116,7","115,4","114,9","114,9",115,"116,1",117,"116,9","116,4","116,5"
